{"cameraMode":{"drawMode":0,"name":"Shaded","section":"Shading Mode"},"sceneLighting":true,"audioPlay":false,"sceneViewState":{"m_AlwaysRefresh":false,"showFog":true,"showSkybox":true,"showFlares":true,"showImageEffects":true,"showParticleSystems":true,"showVisualEffectGraphs":true,"m_FxEnabled":true},"in2DMode":false,"pivot":{"x":441.0796203613281,"y":358.5650939941406,"z":442.0162353515625},"rotation":{"x":0.7279694080352783,"y":0.006170149426907301,"z":-0.006551945582032204,"w":0.6855509877204895},"size":196.04815673828126,"orthographic":false}